,PROCUREMENT,,,,,,,,,,,,,,
Sl No.,IOM Version,Project,Package,Scope of work,Awarded Vendor name,Budget incl Escalation,Total Finalized Proposed Award Value (Excl Tax),Expected (-) Savings / (+) Escalations w.r.t Budget incl. escalation,Basis of award,TES/ Non-TES,Requisition Date,Finalization Date,TAT,Time Period,Delay
1,IOMP20260330110946,Godrej Joka,Miscellaneous / other works,Supply of 18 SWG GI binding wire (On Debitable Basis from M/s Kuber Dutta Construction Pvt Ltd),MAHAMAYA MPBM WIRE INDUSTRIES,0.0147,0.0147,0.00000 %,L1,Non-TES,,,,,
2,IOMP20260402084753,Godrej Joka,Civil - RMC,Procurement of RMC for H2 Tower & NTA (April' 26),Nirman Concrete Private Limited,1.1232,1.7726,-2.44836 %,L1,TES,,,,,
3,IOMP20260402084753,Godrej Joka,Civil - RMC,Procurement of RMC for H2 Tower & NTA (April' 26),Firstchoice Ready Mix,0.6768,1.7726,0.01478 %,L2,TES,,,,,
4,IOMP20260407041146,Godrej Joka,Civil - Steel Rebar,Procurement of Reinforcement Steel (April' 26),Rashmi Metaliks Ltd,1.041,1.0379,-0.29779 %,L1,TES,,,,,
5,IOMP20260408112501,Godrej Joka,Civil - RMC,Supply of RMC (Base rate finalization for the month of April'26 of M/s Rainbow Infrastructure),Nirman Concrete Private Limited,1.1658,1.094,-6.15886 %,L1,TES,,,,,
6,IOMP20260409085044,Godrej Joka,Miscellaneous / other works,Supply of Fairmate/Ultratech make PGM grout (On Debitable Basis from M/s Kuber Dutta Construction Pvt Ltd),PUGALIA ENTERPRISE,0.00766,0.00766,0.00000 %,L1,Non-TES,,,,,
7,IOMP20260425035921,Godrej Joka,Miscellaneous / other works,Supply of PU Foam (On Debit-able Basis from M/s JG Engineers Pvt Ltd – for Tower H1 & M/s Kuber Dutt Construction Pvt Ltd for Tower H2),TECH ANCHOR INC,0.0144,0.0144,0.00000 %,L1,Non-TES,,,,,
8,IOMP20260425041300,Godrej Joka,Miscellaneous / other works,Supply of Fly ash bricks (On Debit able Basis from M/s JG Engineers Pvt Ltd),Durga Oil Industries,0.0644,0.0644,0.00000 %,L1,Non-TES,,,,,
9,IOMP20260427103519,Godrej Joka,Civil - Steel Rebar,Supply Reinforcement Steel for Joka PH-IIA (NTA) for April'26,Shakambhari Ispat & Power Ltd,0.7194,0.6346,-11.78760 %,L1,TES,,,,,
10,IOMP20260504043440,Godrej Joka,Civil - RMC,Supply of RMC at Godrej Joka PH- III (May'26),CONCRETEO TRMC LLP,0.4801,0.9321,-2.99938 %,L1,TES,,,,,
11,IOMP20260504043440,Godrej Joka,Civil - RMC,Supply of RMC at Godrej Joka PH- III (May'26),M/s Ultratech Cement Limited,0.4808,0.9321,-2.99501 %,L1,TES,,,,,
12,IOMP20260511031924,Godrej Joka,Civil - Aluminium Formwork,"Procurement of aluminium formwork for Godrej Elevate, Joka, Phase III project",Winntus Aluminium Formwork,13.63,13.41,-1.61409 %,L1,,,,,,
13,IOMP20260515104639,Godrej Joka,Civil - Steel Rebar,Supply of Reinforcement Steel (PH III) (May' 26),Shakambhari Ispat & Power Ltd,0.396,0.3736,-5.65657 %,L1,TES,,,,,
14,IOMP20260521062624,Godrej Joka,Civil - RMC,Supply of RMC (M10) for May'26 & June'26 for Godrej Joka (PH III & PH IIA),Nirman Concrete Private Limited,0.1192,0.1175,-1.42617 %,L1,TES,,,,,
15,IOMP20260522100422,Godrej Joka,Civil - RMC,Supply of RMC (M35 & M35 SCC) for H2 Tower & NTA (May & June 2026),CONCRETEO TRMC LLP,0.288,0.9532,-0.93750 %,L1,TES,,,,,
16,IOMP20260522100422,Godrej Joka,Civil - RMC,Supply of RMC (M35 & M35 SCC) for H2 Tower & NTA (May & June 2026),Nirman Concrete Private Limited,0.684,0.9532,-2.35380 %,L1,TES,,,,,
17,IOMP20260527110324,Godrej Joka,Civil - Steel Rebar,Supply of Reinforcement Steel (June'26) at Godrej Orchard (PH IIB),SRMB Srijan Pvt Ltd,0.198,0.1836,-7.27273 %,L1,TES,,,,,
18,IOMP20260608070120,Godrej Joka,Civil - RMC,Supply of RMC (M40 & M55 Grade) for June'26 at Godrej Joka (PH III) project,ULTRATECH CEMENT LIMITED,0.312,1.4134,-3.42949 %,L3,TES,,,,,
19,IOMP20260608070120,Godrej Joka,Civil - RMC,Supply of RMC (M40 & M55 Grade) for June'26 at Godrej Joka (PH III) project,Right Choice Concrete & Eng Private Limited,0.4593,1.4134,-3.85369 %,L2,TES,,,,,
20,IOMP20260608070120,Godrej Joka,Civil - RMC,Supply of RMC (M40 & M55 Grade) for June'26 at Godrej Joka (PH III) project,Nirman Concrete Private Limited,0.7058,1.4134,-5.00142 %,L1,TES,,,,,
21,IOMP20260618122433,Godrej Joka,Miscellaneous / other works,Supply of CI Manhole Cover and PVC Rung ladder (On Debit-able Basis from M/s Kuber Dutt Construction Pvt Limited),CRESCENT FOUNDRY CO PVT LTD,0.00728,0.00728,0.00000 %,L1,,,,,,
22,IOMP20260709122844,Godrej Joka,Civil - Steel Rebar,Supply of Reinforcement Steel (July' 26) for Joka PH IIB & PH III Project.,SRMB Srijan Pvt Ltd,1.3514,1.1674,-13.61551 %,L1,TES,,,,,
23,IOMP20260718122004,Godrej Joka,Civil - Cement,Supply of PPC Cement (On Debit-able Basis from M/s Kuber Dutta Construction Pvt Ltd),ULTRATECH CEMENT LIMITED,0.0229,0.0229,0.00000 %,L1,,,,,,
24,IOMP20260718123408,Godrej Joka,Miscellaneous / other works,Supply of Ready Mix plaster (On Debit-able Basis from M/s Kuber Dutta Construction Pvt Ltd),ULTRATECH CEMENT LIMITED,0.0253,0.0253,0.00000 %,L1,,,,,,
25,IOMP20260718125148,Godrej Joka,Miscellaneous / other works,Supply of Sand and Stone Aggregate (On Debit-able Basis from M/s Kuber Dutta Construction Pvt Ltd),ZOYA ENGINEERING & CONSTRUCTION COMPANY,0.041,0.041,0.00000 %,L1,,,,,,
26,IOMP20260723193610,Godrej Joka,Finishing - Tiles,Supply of Ceramic Tiles (Location - Toilet Dado),GOKUL STONES& TILES (P) LTD,0.1062,0.1032,-2.82486 %,L1,,,,,,
27,IOMP20260729173346,Godrej Joka,MEP - Plumbing and Fire fighting equipments and fittings,"Supply of Fire Pumps for Godrej Orchard Ph 2A & 2B Projects, Joka, Kolkata.",FLUID ENERGY SYSTEM PRIVATE LIMITED,0.65,0.538,-17.23077 %,L1,,,,,,
28,IOMP20260730121059,Godrej Joka,Finishing - Tiles,Procurement of Ceramic Tiles of Size 300X600 MM (Toilet Dado area) for Aug'26,Prism Johnson LTD,0.1844,0.1727,-6.34490 %,L1,,,,,,
29,IOMP20260730205912,Godrej Joka,Miscellaneous / other works,Supply of Fairmate/Myk Arment make Curing Compound (On Debitable Basis from M/s Kuber Dutta Construction Pvt Ltd),PUGALIA ENTERPRISE,0.00183,0.00183,0.00000 %,L1,,,,,,
30,IOMP20260730211650,Godrej Joka,Civil - RMC,Supply of RMC (M40 & M55 Grade) for Aug'26 & Sep'26,Nirman Concrete Private Limited,0.861,1.583,-4.61092 %,L1,,,,,,
31,IOMP20260730211650,Godrej Joka,Civil - RMC,Supply of RMC (M40 & M55 Grade) for Aug'26 & Sep'26,Right Choice Concrete & Eng Private Limited,0.174,1.583,-7.35632 %,L2,,,,,,
32,IOMP20260730211650,Godrej Joka,Civil - RMC,Supply of RMC (M40 & M55 Grade) for Aug'26 & Sep'26,Prism Johnson LTD,0.612,1.583,-1.87908 %,L2,,,,,,
33,IOMP20260731201247,Godrej Joka,MEP - Electrical equipment and fitting,Procurement of Electrical cables for Orchard Ph 2A,KEI INDUSTRIES LIMITED,0.0394,0.03773,-4.23858 %,L1,,,,,,
34,IOMP20260816164958,Godrej Joka,Miscellaneous / other works,Supply of Plywood,Shree Basuki Plywood,0.0073,0.0073,0.00000 %,L1,,,,,,
35,IOMP20260816170023,Godrej Joka,Miscellaneous / other works,Supply of Silver Sand (Post descoping from M/s JRS Construction),ZOYA ENGINEERING & CONSTRUCTION COMPANY,0.1368,0.0895,-34.57602 %,L1,,,,,,
36,IOMP20260819195811,Godrej Joka,Civil - Steel Rebar,Supply of Reinforcement Steel (Aug'26),Shakambhari Ispat & Power Ltd,2.1594,1.8844,-12.73502 %,L1,,,,,,
37,IOMP20260826114532,Godrej Joka,Civil - RMC,"Supply of RMC (M35, M35 SCC & M20 garde) for Aug' 26 & Sep'26",Firstchoice Ready Mix,0.312,0.5499,-1.82692 %,L1,,,,,,
38,IOMP20260826114532,Godrej Joka,Civil - RMC,"Supply of RMC (M35, M35 SCC & M20 garde) for Aug' 26 & Sep'26",Nirman Concrete Private Limited,0.252,0.5499,-3.33333 %,L1,,,,,,
39,IOMP20260415061139,B L saha,Miscellaneous / other works,"Supply of Lift Shaft Platform at Godrej Blue Project, Kolkata",RAROVAH ENGINEERING PRIVATE LIMITED,0.264,0.2508,-5.00000 %,,,,,,,
40,IOMP20260415062933,B L saha,Civil - RMC,"Supply of concrete along with installation and commissioning of a CP 30 batching plant, including all components, at Godrej Blue Site premises for 35611 CuM of concrete with a total tenure of 7 months.",Firstchoice Ready Mix,29.1854,27.5003,-5.77378 %,,,,,,,
41,IOMP20260418014929,B L saha,Civil - RMC,Supply of RMC (Grade M35 Pile) for April' 26,CONCRETEO TRMC LLP,0.2808,0.5288,-5.84046 %,,,,,,,
42,IOMP20260418014929,B L saha,Civil - RMC,Supply of RMC (Grade M35 Pile) for April' 26,Nirman Concrete Private Limited,0.2808,0.5288,-5.84046 %,,,,,,,
43,IOMP20260519102816,B L saha,Civil - Aluminium Formwork,Procurement of Aluminium Formwork for Tower T1 – Godrej Blue (B L Saha) Project,EINS TECHNIK PRIVATE LIMITED (EINS TECHNIK FORMWORK SYSTEM - EFS),2.79,2.79,0.00000 %,,,,,,,
44,IOMP20260527112827,B L saha,Civil - Steel Rebar,Supply of Reinforcement Steel (June'26),SRMB Srijan Pvt Ltd,1.4652,1.3517,-7.74638 %,,,,,,,
45,IOMP20260622063809,B L saha,Miscellaneous / other works,"Supplying of Additional MS Bracket at Godrej Blue Project, 82 B L Saha Road, Kolkata",SUDHIR KUMAR DHIRAJ KUMAR,0.0901,0.1793,-5.66038 %,,,,,,,
46,IOMP20260622063809,B L saha,Miscellaneous / other works,"Supplying of Additional MS Bracket at Godrej Blue Project, 82 B L Saha Road, Kolkata",ROY ENGINEERING,0.0999,0.1793,-5.60561 %,,,,,,,
47,IOMP20260708124512,B L saha,Civil - RMC,Supply of RMC (M35 Pile) for July'26,CONCRETEO TRMC LLP,0.075,0.0678,-9.60000 %,,,,,,,
48,IOMP20260709012404,B L saha,Civil - Steel Rebar,Supply of Reinforcement Steel (July' 26),SRMB Srijan Pvt Ltd,5.1827,4.5027,-13.12057 %,,,,,,,
49,IOMP20260805170244,B L saha,Finishing - Tiles, Supply of tile for Godrej Blue - BL Saha project as per the selection by Architect in line with Quality specs.,ASIAN GRANITO INDIA LTD,0.52,0.71,-9.61538 %,,,,,,,
50,IOMP20260805170244,B L saha,Finishing - Tiles, Supply of tile for Godrej Blue - BL Saha project as per the selection by Architect in line with Quality specs.,Prism Johnson LTD,0.19,0.71,5.26316 %,,,,,,,
51,IOMP20260805170244,B L saha,Finishing - Tiles, Supply of tile for Godrej Blue - BL Saha project as per the selection by Architect in line with Quality specs.,KAJARIA CERAMICS LTD,0.03,0.71,33.33333 %,,,,,,,
52,IOMP20260507054926,Godrej Prakriti,Miscellaneous / other works,Supply of Ready-Mix Plaster (On Debitable basis from M/s Dutta Associates),ACC Limited,0.0763,0.0763,0.00000 %,L1,,,,,,
53,IOMP20260604122703,Godrej Prakriti,Finishing - Tiles,Supply of Tiles (Lift facia & Lobby area),GOKUL STONES& TILES (P) LTD,0.0312,0.0305,-2.24359 %,L1,,,,,,
54,IOMP20260716110856,Godrej Prakriti,Finishing - Stones/Marbles,Supply of Kadappa Stone (Size - 3 ft X 2ft & Thickness - 15 MM to 25 MM),RAIJADA MARBLES AND TILES,0.0126,0.0126,0.00000 %,L1,,,,,,
55,IOMP20260721202833,Godrej Prakriti,Civil - Cement,Supply of 25 MT of PPC Cement,ULTRATECH CEMENT LIMITED,0.0114,0.0114,0.00000 %,L1,,,,,,
56,IOMP20260820212754,Godrej Prakriti,Civil - Cement,Supply of Cement (PPC) of 500 Bags,ULTRATECH CEMENT LIMITED,0.0123,0.011,-10.56911 %,L1,,,,,,
57,IOMP20260825160839,Godrej Prakriti,MEP - Plumbing and Fire fighting equipments and fittings,Supplying of Fire Extinguishers at Godrej Prakriti Project,Nitin Fire Protection Industries Limited,0.0549,0.0309,-43.71585 %,L1,,,,,,
58,IOMP20260330114617,Raipur Plotted 1,Civil - RMC,Supply of RMC (M30 PQC Grade) for April' 26,M/s Shree Cement,0.034,0.034,0.00000 %,L1,,,,,,
59,IOMP20260411021131,Raipur Plotted 1,MEP - Plumbing and Fire fighting equipments and fittings,Appointment of vendor for Procurement of DWC Pipe (Godrej Raipur Plotted-1 Project),AMRITA ENTERPRISE,0.7217,0.7217,0.00000 %,L1,,,,,,
60,IOMP20260511020014,Raipur Plotted 1,MEP - Plumbing and Fire fighting equipments and fittings,"Appointment of vendor for Procurement of DWC & HDPE Pipe for Parcel 1,2 &3 at Godrej Raipur Plotted-1, Chhattis",AMRITA ENTERPRIS,0.717,0.717,0.00000 %,L1,,,,,,
61,IOMP20260526020724,Raipur Plotted 1,Civil - Steel Rebar,Basic Rate finalization for Procurement of Reinforcement Steel (June'26) for M/s Vinod Kumar Jain & M/s Aquaplast Infraprojects,Shree Nakoda Ispat Ltd,0.451,0.3855,-14.52328 %,L1,,,,,,
62,IOMP20260827120211,Raipur Plotted 1,MEP - Plumbing and Fire fighting equipments and fittings,Procurement of HDPE Manhole Chamber & allied fittings for Godrej Greenvale_ Raipur Plotted-1.,AMRITA ENTERPRISE,0.535,0.5198,-2.84112 %,L1,,,,,,
63,IOMP20260515102526,Godrej Ushti 1,Civil - Steel Rebar,Supply of Reinforcement Steel (May' 26),Shakambhari Ispat & Power Ltd,0.198,0.1859,-6.11111 %,L1,,,,,,
64,IOMP20260515110913,Godrej Ushti 1,MEP - Plumbing and Fire fighting equipments and fittings,Procurement of DWC Pipe (Cable Duct),SOOR NEOGI COOMAR & CO. PVT. LTD.,0.0245,0.0217,-11.42857 %,L1,,,,,,
65,IOMP20260519063945,Godrej Ushti 1,Civil - RMC,Supply of RMC of M35 Grade & M10 Grade (May'26 & June' 26),M/s Ultratech Cement Limited,0.2555,0.54616,0.00000 %,L1,,,,,,
66,IOMP20260519063945,Godrej Ushti 1,Civil - RMC,Supply of RMC of M35 Grade & M10 Grade (May'26 & June' 26),Right Choice Concrete & Eng Private Limited,0.29066,0.54616,0.00000 %,L1,,,,,,
67,IOMP20260521070356,Godrej Ushti 1,Infrastructure - General,Supply of Brick Bats for Temporary Road Work,MIDAAS CONSTRUCTION COMPANY PRIVATE LIMITED,0.3113,0.275,-11.66078 %,L1,,,,,,
68,IOMP20260525011828,Godrej Ushti 1,Infrastructure - General,Supply of Stone Dust & Stone Aggregate for Road Work,MIDAAS CONSTRUCTION COMPANY PRIVATE LIMITED,0.5391,0.4973,-7.75366 %,L1,,,,,,
69,IOMP20260616040959,Godrej Ushti 1,Civil - Steel Rebar,Supply of Reinforcement Steel (June'26),Shakambhari Ispat & Power Ltd,0.396,0.3509,-11.38889 %,L1,,,,,,
70,IOMP20260629101300,Godrej Ushti 1,Miscellaneous / other works,Supply of MS Plate from Roof Truss for Main Gate - 02 & Banquet Hall,ROY ENGINEERING,0.0067,0.006,-10.44776 %,L1,,,,,,
71,IOMP20260702081120,Godrej Ushti 1,Miscellaneous / other works,Supply of MS Structural Steel for Roof Truss of Main Banquet & Main Gate - 02,Steeltube Agencies,0.1104,0.1045,-5.34420 %,L1,,,,,,
72,IOMP20260808121155,Godrej Ushti 1,Civil - RMC,Procurement of RMC (M10 Grade) for Aug'26,Right Choice Concrete & Eng Private Limited,0.0451,0.0449,-0.44346 %,L1,,,,,,
73,IOMP20260330114617,Raipur Plotted 1,Civil - RMC,Supply of RMC (M30 PQC Grade) for April' 26,M/s Shree Cement,0.034,0.034,0.00000 %,L1,,,,,,
74,IOMP20260411021131,Raipur Plotted 1,MEP - Plumbing and Fire fighting equipments and fittings,Appointment of vendor for Procurement of DWC Pipe (Godrej Raipur Plotted-1 Project),AMRITA ENTERPRISE,0.7217,0.7217,0.00000 %,L1,,,,,,
75,IOMP20260511020014,Raipur Plotted 1,MEP - Plumbing and Fire fighting equipments and fittings,"Appointment of vendor for Procurement of DWC & HDPE Pipe for Parcel 1,2 &3 at Godrej Raipur Plotted-1, Chhattis",AMRITA ENTERPRIS,0.717,0.717,0.00000 %,L1,,,,,,
76,IOMP20260526020724,Raipur Plotted 1,Civil - Steel Rebar,Basic Rate finalization for Procurement of Reinforcement Steel (June'26) for M/s Vinod Kumar Jain & M/s Aquaplast Infraprojects,Shree Nakoda Ispat Ltd,0.451,0.3855,-14.52328 %,L1,,,,,,
77,IOMP20260827120211,Raipur Plotted 1,MEP - Plumbing and Fire fighting equipments and fittings,Procurement of HDPE Manhole Chamber & allied fittings for Godrej Greenvale_ Raipur Plotted-1.,AMRITA ENTERPRISE,0.535,0.5198,-2.84112 %,L1,,,,,,
,,,,,,,,,,,,,,,
,,,,,,,,,,,,,,,
,,,,,,,,,,,,,,,